,Model,Precision,Recall,F1,Specificity,ROC_AUC,Accuracy
0,LR,1,0.9761904761904762,0.9879518072289156,1,0.998015873015873,0.9912280701754386
1,GB,1,1,1,1,1,1
